к.т.,дата,Массовая доля серы мг/кг,Водородный показатель рН ед.рН,Массовая доля нитратов мг/кг,Массовая доля влаги %,Массовая доля аммонийного азота мг/кг,Сухой остаток %,Органическое вещество %,Фосфор подвижный мг/кг,Калий подвижный мг/кг,Кальций мг/кг,Магний мг/кг,Азот общий %,Хлориды мг/кг,Стронций мг/кг,Барий мг/кг,Натрий мг/кг,Фториды мг/кг,Фосфат-ион (водораств) мг/кг,Массовая доля аммонийного азота мг/кг (обменный),Зола %,Литий мг/кг,Нитриты мг/кг,Общее железо мг/кг,Марганец мг/кг,Цинк мг/кг
2 к.т.,04.08.2022,3426,7.3,566.5,97.9,143.9,2.1,77.9,742.1,2026,922.6,460.7,2.52,4771,3.3,8.3,4030,771.4,442.8,-,22.1,-,-,-,-,-
2 к.т.,07.09.2022,1932,7,75.74,93.46,381,6.94,72.4,76.4,6.39,2.7,1.68,1.86,595.4,4,5.32,не обнаружены,не обнаружены,62.5,-,27.6,-,-,-,-,-
2 к.т.,11.10.2022,2641,7.8,-,96.35,236.3,3.65,80.6,772.4,254.9,162.58,57.32,2.4,2691,0.5,-,127.3,-,50.36,38.8,19.4,-,-,-,-,-
2 к.т.,10.11.2022,2471,7.5,119,95.6,202.6,4.4,79.6,563.2,346.8,629.4,46.8,2.3,1876,0.2,-,427.3,-,132.6,101.48,20.4,-,-,-,-,-
2  к.т.,02.05.2023,182.2,6.1,371,98.2,351.2,1.8,98.7,387.23,470.8,106.8,78.28,1.4,277.55,-,-,448.16,-,0.36,-,-,-,-,-,-,-
2  к.т.,10.05.2023,203.9,6.4,350.4,94.3,267.2,5.7,95.4,324.9,194.28,214.8,75.2,1.7,275.2,-,-,359.6,-,0.4,-,-,-,-,-,-,-
2  к.т.,08.06.2023,743,6.3,435.7,82.4,2456,17.6,91.4,400,548.5,286.7,548.1,1.4,9864,-,-,10743,5.43,1032.5,-,8.6,1.9,5.2,14.1,12.5,8.3
2  к.т.,06.07.2023,1142,6.2,759,85,3206,15,92.3,368.6,536,311.8,774.4,4.48,10182,-,-,11196,6.85,1260.6,-,7.7,2.8,9.1,64.1,13.6,6.7
2  к.т.,08.08.2023,5982,7.3,550,89.6,755,10.4,81.8,1317.1,4388,1048.6,607.2,4.66,7954,5.9,-,8296,-,1141.9,-,18.2,1.8,4.6,52.4,58.8,8.1
2 к.т.,07.09.2023,962.4,7.2,449.7,95.2,92.8,4.8,81.5,816.4,561.3,984.1,715.8,3.14,814.3,2.2,-,9846.4,-,974.8,-,18.5,2,5,-,-,-
2 к.т.,08.10.2023,1012.8,6.8,526.4,90.1,144.6,5.5,94,1018.4,488.3,996.4,700.2,2.98,1024.6,1.8,-,10294,-,815.7,-,6,1.64,2.8,48.3,52.4,7.2
2 к.т.,08.11.2023,743.1,7.3,368.2,92.3,86.5,9.6,93.5,568,623,1012,735,4.2,724,1.6,-,8324,-,835,-,17.8,1.3,6.4,24.8,24.3,6
2  к.т.,02.05.2024,-,7.4,-,35,-,65,70.3,1157.8,-,-,-,-,-,-,-,-,-,-,-,29.7,-,-,-,-,-
4 к.т.,02.05.2024,-,7.6,-,40.9,-,59.1,81.3,684.5,1130.8,-,-,-,-,-,-,-,-,-,-,18.7,-,-,-,-,-
2  к.т.,14.05.2024,-,7.56,109,38.1,36.7,61.9,78.3,1454.7,52.2,28.8,15.8,4.34,-,-,-,148.4,-,-,-,21.7,-,-,-,-,-
2  к.т.,05.06.2024,-,6.44,109,39.9,568,60.1,85.1,99.2,403.3,306.5,394.5,3.08,-,-,-,-,-,-,-,14.9,-,-,-,-,-
2  к.т.,03.07.2024,26.1,7.03,64.6,50.9,59.1,49.1,22.8,2096.9,-,656,,1.75,-,-,-,-,-,-,-,77.2,-,-,-,-,-
2  к.т.,01.08.2024,82.4,6.8,109,39.8,141.6,60.2,17.6,-,1437,926.8,353.8,1.89,-,-,-,6486,-,-,-,82.4,-,-,-,-,-
2 к.т.,04.09.2024,177.9,6.4,109,43.2,133.6,56.8,18.2,2292.3,1146.8,135.9,42.2,-,-,-,-,758,-,-,-,81.8,-,-,-,-,-
2  к.т.,03.10.2024,29.5,7.1,70.5,30.2,81.4,69.8,29.2,2958.9,2050,105.6,-,-,-,-,-,450.6,-,-,-,80.5,-,-,-,-,-
2 к.т.,05.11.2024,33.6,5.5,-,41.6,81.5,58.4,26.5,1929.4,2196,-,-,-,-,-,-,-,-,-,-,73.5,-,-,-,-,-
2  к.т.,06.05.2025,26.9,6.6,109,32.5,77,67.5,87.8,6737,3038.7,0.63,0.75,4.3,-,-,-,-,-,-,-,12.2,-,-,-,-,-
2  к.т.,04.06.2025,14.8,7.3,109,56.7,5.8,43.3,85.4,1377,3238,0.13,0.25,3.34,-,-,-,-,-,-,-,14.6,-,-,-,-,-
2  к.т.,02.07.2025,20.6,7.2,123,46.4,12.5,53.6,86.7,1986.3,2863.2,0.42,0.63,3.68,-,-,-,-,-,-,-,13.2,-,-,-,-,-
2  к.т.,05.08.2025,15.3,5.2,10.2,42.7,7.2,57.3,87.2,909,3164,0.5,0.125,2.75,-,-,-,-,-,-,-,12.8,-,-,-,-,-
2 к.т.,03.09.2025,25.2,5.61,96.5,40.2,21.5,59.8,85.1,1023,2689,0.65,0.63,4.65,-,-,-,-,-,-,-,15.6,-,-,-,-,-
2  к.т.,02.10.2025,16.7,6.5,86.5,43.5,15.6,56.5,87.5,950,2320,0.86,0.67,4.75,-,-,-,-,-,-,-,16.5,-,-,-,-,-
2 к.т.,05.11.2025,17.8,6.2,88.6,42.7,18.7,57.3,86.7,985,2460,0.78,0.59,4.23,-,-,-,-,-,-,-,16.2,-,-,-,-,-
