к.т.,дата,Массовая доля серы мг/кг,Водородный показатель рН ед.рН,Массовая доля нитратов мг/кг,Массовая доля влаги %,Массовая доля аммонийного азота мг/кг,Сухой остаток %,Органическое вещество %,Фосфор подвижный мг/кг,Калий подвижный мг/кг,Кальций мг/кг,Магний мг/кг,Азот общий %,Хлориды мг/кг,Стронций мг/кг,Барий мг/кг,Натрий мг/кг,Фториды мг/кг,Фосфат-ион (водораств) мг/кг,Нитриты мг/кг,Массовая доля аммонийного азота мг/кг (обменный),Зола %
-,2019,2000,6.5,-,-,-,> 60,10.66,0.363,711.6,1578.2,433.2,-,-,-,-,-,-,-,-,-,-
1 к.т.,2021,600,7.8,34,75.8,632.2,24.2,18.3,0.213,1052.2,4150,850,-,-,-,-,-,-,-,-,-,-
2 к.т.,2021,700,7.7,25,61.6,621.1,38.4,16.8,0.09,1268.4,3700,1100,-,-,-,-,-,-,-,-,-,-
2 к.т,04.05.2022,24,6.8,70.4,99.9,6250.2,0.91,27.3,1.5,1090.4,9418.8,2000.3,2.4,86.3,-,-,-,-,-,-,-,-
1 к.т.,06.06.2022,8843.8,7.2,2.8,63,615.3,22,19.1,376.14,1010,765.3,664.4,6.2,86.3,-,-,-,-,-,-,-,-
2 к.т.,06.06.2022,11345,7.1,2.8,64,685.2,36,27.8,1076.4,944,871.7,285.8,3.4,86.3,-,-,-,-,-,-,-,-
3 к.т.,06.06.2022,13098.1,6.4,2.8,64,843.8,36,35.6,786.8,981.8,1271.5,385.8,3,86.3,-,-,-,-,-,-,-,-
4 к.т,06.06.2022,11053.6,7,5,81,923.1,19,33.3,1124,960.2,706.4,271.5,2.2,86.3,-,-,-,-,-,-,-,-
1 к.т.,06.07.2022,2718,8.4,34.7,78,89.1,22,2.9,98.6,87.5,850.8,212.7,2.52,231.5,13.6,5.07,454.8,3.06,235.8,-,-,-
2 к.т,06.07.2022,5633,7.6,-,74,564.7,26,27.8,680.4,583.2,1372,521.9,4.06,2002,19.3,15.9,2979,8.83,838.1,-,-,-
3 к.т,06.07.2022,12610,7.1,17.3,76,1022,24,35.6,537.4,565.2,4978,1055,3.92,1881,14.8,29.2,3066,3.31,-,-,-,-
4 к.т,06.07.2022,5613,7.7,744.9,81,846.6,19,33.3,700.9,556.1,1349,4145,3.51,1697,6.9,7.2,2234,2.19,1.5,-,-,-
1 к.т.,04.08.2022,7251,8.5,2.8,32.6,89.4,67.4,3.6,229.5,121.9,1912,400.6,2.52,467.5,14.4,1.18,568.3,-,210.3,-,-,-
2 к.т.,04.08.2022,7315,7.2,4.2,76.6,340.8,23.4,25.6,605.2,469.6,1433,403.9,3.8,2317,11.9,-,2170,-,49.78,-,-,-
3 к.т,04.08.2022,18009.5,6.4,3.4,75.4,493.2,24.6,34.1,721.5,309.7,2375,437.7,3.8,1206,-,16.4,1350,-,65.21,-,-,-
4 к.т.,04.08.2022,12870,7.6,18.2,80.06,566.5,19.9,23,823.2,488.9,2965,514.1,3.6,2535,-,19.38,2460,-,101.2,-,-,-
-,ПДК почв мг/кг,фон на смеж участке,-,130,-,-,-,-,41,-,-,-,,10.1,-,-,-,-,-,-,-,-
1 к.т.,07.09.2022,1172,8.2,1042,29,91.9,71,6,174,124.8,2662,515,2.87,5123,12.03,31.7,1248,не обнар,96,-,-,-
2 к.т.,07.09.2022,5030,7.1,4.2,76.78,315.1,23.22,23.7,371.5,464.2,1893.24,515,3.5,661.9,11.07,не обруж.,1867,не обнар,37.15,-,-,-
3 к.т.,07.09.2022,7547,6.5,не обнар,73.2,637.9,26.8,28.7,724.5,483.3,1850,724,3.5,352.7,1.8,17.4,20,не обнар,не обнар,-,-,-
4 к.т,07.09.2022,415.4,7.4,не обнар,71.61,83.4,28.39,6.2,103.6,70.9,255.6,82.9,3.3,71.1,4.12,2.9,291,не обнар,36.4,-,-,-
1 к.т.,11.10.2022,861.7,8.2,9.1,84.2,119.24,15.8,2.3,181.6,61.17,234.5,72.6,1,226.8,1.6,-,275.5,не обнар,423.6,-,148.3,97.7
2 к.т,11.10.2022,2471,7.4,109,83.4,164.74,16.6,24.2,585.1,456.1,490.99,214.4,5.8,2118.9,1.46,4.19,2026.9,не обнар,880.89,-,448.1,75.8
3 к.т,11.10.2022,5089,7.5,34.16,87.75,237.6,12.3,30.6,1031.8,406.7,1082.67,306.6,5.3,2077.1,3.84,-,2232.6,не обнар,94.89,-,406.1,69.4
4 к.т,11.10.2022,7963,7.7,-,75.2,454.1,24.8,24.9,1086.5,566.4,1297.8,441.4,2.8,2847.53,1.34,9.19,2892.1,не обнар,820.76,-,518.7,75.1
5 к.т.,11.10.2022,3297,7.9,29.73,88.2,108.5,11.8,18.4,98,89.65,474.7,221.3,2.9,1245.5,3.3,0.1,1407.1,не обнар,547.7,20.39,773.4,81.6
1 к.т.,10.11.2022,2806,8.1,32.91,26.4,40.36,73.6,85.5,1426.6,59.46,589.1,136.9,4.52,195.5,4.25,-,227.6,7.77,26.16,-,119.72,14.5
2 к.т,10.11.2022,3339,7.3,71,68.5,159,31.5,22,148.4,415.4,548.1,214.8,6.72,2195,4.5,4.89,2.026,-,24.81,-,452.89,78
3 к.т,10.11.2022,15230,7.5,98,72,469.1,28,34.6,708.9,453.3,3385,675.8,5.43,2270,2.5,21.9,2434,-,-,-,785.26,65.4
4 к.т,10.11.2022,5847,7.4,145,79.9,450.4,20.1,26,-,493.4,969.8,384.3,7.84,2783,3.6,-,2702,-,-,-,694.03,74
5 к.т.,10.11.2022,989.2,8.9,123,57.2,112.1,42.8,43.18,403.5,112.3,737.1,83.63,-,589.7,3.6,-,334.2,8.7,336.5,10.13,156.21,56.82
-,ПДК почв мг/кг,фон на смеж участке,-,130,-,-,-,-,41,-,-,-,-,10.1,-,-,-,-,-,-,-,-
3 к.т.,2019,2000,6.5,-,-,-,> 60,10.66,363,711.6,1578.2,433.2,-,-,-,-,-,-,-,-,-,-
2 к.т.,2021,600,7.8,34,75.8,632.2,24.2,18.3,213,1052.2,4150,850,-,-,-,-,-,-,-,-,-,-
3 к.т.,2021,700,7.7,25,61.6,621.1,38.4,16.8,90,1268.4,3700,1100,-,-,-,-,-,-,-,-,-,-
1 к.т.,02.05.2023,212.8,8.2,251,98,264,2,81.8,314.3,71.63,458.1,186.4,1.8,414.2,2,-,16.5,-,0.04,-,-,-
2 к.т.,02.05.2023,251.7,7.4,51,44.1,430.6,55.9,68.9,-,398,189.3,51.5,2.2,,-,-,186.8,-,0.18,-,-,-
4 к.т,02.05.2023,305,6.5,126,86.7,276.8,13.3,24.4,-,460.2,385,72.4,3.2,500.4,-,-,196.8,-,0.35,-,-,-
5 к.т.,02.05.2023,477.2,8.2,20,82.3,157.5,17.7,72.6,206.4,136,165.2,98.14,2.8,61.8,-,0.29,286.4,-,0.23,-,-,-
1 к.т.,10.05.2023.,250.6,8.6,32,96.4,175.6,3.6,-,-,63.91,406.8,195.7,1.86,215.4,-,-,240.4,-,0.05,-,-,-
2 к.т.,10.05.2023.,264.2,7.4,223,50.4,224.4,49.6,62.2,-,414.8,-,-,-,-,-,-,-,-,0.22,-,-,-
4 к.т,10.05.2023.,284.3,7.6,213,78.4,114.8,21.6,34.7,-,153.96,354.2,68.4,2.84,429.4,-,0.41,202.9,-,0.06,-,-,-
5 к.т.,10.05.2023.,398.9,7.9,46,80.4,146.4,19.6,68.4,212.71,376.7,140.4,105.7,2.4,112.1,-,-,347.3,-,0.18,-,-,-
1 к.т.,08.05.2023,1290.8,7.8,30.1,75.4,99,24.6,80.1,15.5,59.2,390.8,96.8,2.6,328,7.68,-,344.6,-,212.9,-,-,-
2 к.т.,08.05.2023,7718.2,8,-,76.4,315.2,23.6,77.5,121.4,694.4,1497.8,451,3.2,2606,7.2,11,2370,-,19.83,-,-,-
3 к.т.,08.05.2023,19922,7.7,-,64.3,907.8,35.7,86.4,76.4,623,4156,832,1.98,2082,8.6,22.1,22.1,2708,486.6,-,-,-
4 к.т,08.05.2023,33800,8.1,50.96,68.5,609.8,31.5,82.4,87.5,830.4,9922,1192,2.95,2126,8.4,117.4,3742,-,313,-,-,-
5 к.т.,08.05.2023,4176,8.3,17,70.1,177.2,29.9,85.4,30.6,183.2,134.3,26.6,1.86,984,9.1,-,558,-,565,-,-,-
-,ПДК почв мг/кг,фон на смеж участке,-,130,-,-,-,-,41,-,-,-,-,10.1,-,-,-,-,-,-,-,-
1 к.т.,06.07.2023,187.7,8.2,191,72.2,75.2,27.8,80.9,14.8,466.2,219.3,55.2,2.31,138.8,-,-,385,5.4,60.6,-,-,19.1
2 к.т.,06.07.2023,214.5,7.9,114,75.2,282.2,24.8,76.5,99.71,407.5,496.5,146,2.9,102.8,2.8,-,2124,-,43.7,-,-,23.5
3 к.т.,06.07.2023,159.8,7.6,631,61.8,586,38.2,86.1,72.91,431,634.3,156,1.9,89.1,2.2,-,2072,-,68.4,-,-,13.9
4 к.т,06.07.2023,113.7,8,490,69.4,206,30.6,81.8,85.57,525.3,612,1440.8,2.8,91.9,23.8,-,12622,4.8,131,-,-,18.3
5 к.т.,06.07.2023,113.1,8.4,138,73.8,131.4,32.2,83.3,50.4,397.3,842,177.2,1.9,106.3,5,-,1460.4,0.7,24.5,-,-,16.7
1 к.т.,08.08.2023,833.4,7.4,501,30.5,151.3,69.5,5.1,142.7,108.4,161.2,59.7,1.51,385.6,-,-,541.6,-,121.9,-,-,94.9
2 к.т.,08.08.2023,5488,5.9,229,68.6,428,31.4,25.3,1118.2,664,900,289.5,3.19,2246,6.5,-,230,-,38.4,-,-,74.7
3 к.т.,08.08.2023,1786.8,6,490,60.9,1123,39.1,22,314.1,696,3914,697.4,2.21,2634,-,24.5,2628,-,90.2,-,-,78
4 к.т,08.08.2023,8157,6.8,617,83.6,329.8,16.4,38,1095.2,780.8,2296,,3.4,444.8,17.2,-,5068,-,96.2,-,-,62
5 к.т.,08.08.2023,1516.8,7.5,617,59.4,227.8,40.6,10.2,343,263.8,2656,74.29,1.86,895,-,2.4,1289.8,-,83.55,-,-,89.8
1 к.т.,07.09.2023,571.5,7.4,100,28.4,57.1,71.6,4.8,233.4,56.4,143.3,41.48,0.67,233.9,-,-,298.4,-,58.8,-,-,95.2
2 к.т.,07.09.2023,4315.1,7.2,1202,65.3,105.4,34.7,27.1,1074.9,513.2,494.4,178.24,1.68,13060.1,3.024,-,1833.6,-,32.4,-,-,72.9
3 к.т.,07.09.2023,1167.6,7.5,<1413,64.2,267.3,35.8,21.8,557.7,253.4,187.74,56.94,1.68,1343.8,-,-,1857.6,0.9,327.3,-,-,78.2
4 к.т,07.09.2023,5908.9,7.7,776,85.3,80.9,14.7,37.7,1040.4,488.4,1082.6,381.4,4.59,2970.9,8.42,-,31.84,-,90.4,-,-,62.3
5 к.т.,07.09.2023,676.9,8.8,<1413,61.2,171.7,35.8,9.8,846.6,292,147.4,43.44,0.84,813.1,-,-,1169.2,-,569.54,-,-,90.2
1 к.т.,08.10.2023,615.3,7.6,<1413,54.2,186.8,54.3,6.8,187.5,70.4,157.3,59.1,0.85,242.1,-,-,405.2,-,94.2,-,-,93.2
2 к.т.,08.10.2023,4176.2,6.4,< 1413,70.1,290.6,29.7,30.4,964,514.6,513.2,206.4,1.55,891,-,-,1605,-,40.4,-,-,69.6
3 к.т.,08.10.2023,1316.7,6.8,< 1413,62.4,254,36.4,25.6,871.3,562.1,276.4,192.4,1.6,1742,-,-,1678,-,115.1,-,-,74.4
4 к.т,08.10.2023,6415.6,7.1,< 1413,70.1,90.44,19.2,42.3,714.2,604.3,804.3,145.3,2.25,1157.2,-,-,1317.2,-,100.8,-,-,57.7
5 к.т.,08.10.2023,698.6,7.8,782.3,60.4,198.3,39.6,25.3,423,256.3,356,52.6,0.98,805,-,-,967.6,-,92.3,-,-,88.9
1 к.т.,01.11.2023,586.5,7.3,867.2,32.1,127.1,51.2,7.6,215,71.2,162,46,2.1,208,-,-,324,-,86,-,-,59
2 к.т.,01.11.2023,3915.2,7,1012,64.3,275,36.5,29.8,983,501,612,210,2.4,734,-,-,1650,-,43,-,-,64
3 к.т.,01.11.2023,1086.9,6.9,1112,62.1,263,40.2,38,624,324,213,140,2,1423,-,-,1412,-,98.3,-,-,67
4 к.т,01.11.2023,5736,7.2,967,72.3,68.9,34.1,36.8,746,493,832,298,2.1,986,-,-,638,-,97.6,-,-,58
5 к.т.,01.11.2023,657,7.8,682,58.4,192,30.8,26.9,536,234,213,56,1.8,735,-,-,897,-,112,-,-,82.3
2 к.т.,2021,600,7.8,34,75.8,632.2,24.2,18.3,213,1052.2,4150,850,-,-,-,-,-,-,-,-,-,-
3 к.т.,2021,700,7.7,25,61.6,621.1,38.4,16.8,90,1268.4,3700,1100,-,-,-,-,-,-,-,-,-,-
2 к.т.,2023,3915.2,7,1012,64.3,275,36.5,29.8,983,501,612,210,2.4,734,-,-,1650,-,43,-,-,-
5 к.т.,2023,657,7.8,682,58.4,192,30.8,26.9,536,234,213,56,1.8,735,-,-,897,-,112,-,-,-
4 к.т,02.05.2024,900,7,,38.9,89.5,61.1,48.9,1390.6,976,-,-,-,-,-,-,-,-,-,-,-,51.1
1 к.т.,14.05.2024,500,8.2,33.9,45,24.6,55,5.2,850.8,4,3.7,0.7,0.91,-,-,-,14.4,-,-,-,-,94.8
2 к.т.,14.05.2024,2060,7.94,40.7,27.3,26.3,72.7,22,1782.8,15.3,12.1,3.5,1.54,-,-,-,46.1,-,-,-,-,78
3 к.т,14.05.2024,1986,7.56,109,40.9,42.4,59.1,28.3,1353.5,13.4,22.2,5.6,2.66,58.3,-,-,58.3,-,-,-,-,71.7
4 к.т,14.05.2024,2010,7.91,109,38.8,14.3,61.2,34.6,1322.1,16.8,51.1,8.9,2.1,-,-,-,85.1,-,-,-,-,65.4
5 к.т.,14.05.2024,489,8.55,109,40.8,10.7,59.2,18.5,1416.3,14.1,12.5,3.1,1.19,-,-,-,40.8,-,-,-,-,81.5
1 к.т.,05.07.2024,760,8.11,16.2,40.3,30.2,59.7,5.4,137.9,188.8,78.6,21.3,2.03,-,-,-,-,-,-,-,-,94.6
2 к.т.,05.07.2024,1980,7.58,67.6,42.1,42.9,57.1,24.8,120.5,395.9,64.1,75.5,0.77,-,-,-,-,-,-,-,-,75.2
3 к.т.,05.07.2024,1990,7.27,79.4,30.1,92.7,59.9,25.7,51.7,325.4,122.8,79.9,1.89,56,-,-,-,-,-,-,-,74.3
4 к.т,05.07.2024,1900,7.77,95.6,37.7,72.9,62.3,29.4,115.6,316,96.8,184.4,2.66,-,-,-,-,-,-,-,-,70.6
5 к.т.,05.07.2024,450,8.2,83.2,38.8,29.6,61.2,21.7,60.8,353.8,83.9,117.7,1.12,-,-,-,-,-,-,-,-,78.3
-,ПДК почв мг/кг,фон на смеж участке,-,130,-,-,-,-,41,-,-,-,-,10.1,-,-,-,-,-,-,-,-
1 к.т.,03.07.2024,7.4,7.94,70.8,30.2,19.4,69.8,6.6,1561.3,-,-,-,0.91,-,-,-,-,-,-,-,-,93.4
2 к.т.,03.07.2024,40.1,6.99,69.2,37.7,61.5,62.3,22.6,1437.3,-,-,-,1.4,-,-,-,-,-,-,-,-,77.4
3 к.т,03.07.2024,72.7,7.29,72.4,32.7,57.1,67.3,28.6,1116.2,-,-,120.5,1.82,-,-,-,-,-,-,-,-,71.4
4 к.т,03.07.2024,47.7,7.26,55,40.6,54.2,59.4,22.2,1444.2,-,-,-,2.03,-,-,-,-,-,-,-,-,77.8
5 к.т.,03.07.2024,24.8,8.04,64.6,32.6,20.8,67.4,17.6,1943.3,-,-,-,1.19,-,-,-,-,-,-,-,-,82.4
1 к.т.,01.08.2024,12.4,8.2,109,24.8,20.6,75.2,5.7,1650,183.9,471.8,120.8,1.19,-,-,-,471.4,-,-,-,-,94.3
2 к.т.,01.08.2024,4.1,7.9,89,25.7,54.3,74.3,236,2390,532,822.4,228.2,1.54,-,-,-,956.2,-,-,-,-,76.4
3 к.т,01.08.2024,3.6,7.5,91.2,25.7,46.5,74.3,27.3,938.2,288,605,138.7,2.03,-,-,-,1500.4,-,-,-,-,72.7
4 к.т,01.08.2024,7.1,7.6,64,24.7,27.7,75.3,29,917.2,482,2312,329.4,1.4,-,24.4,-,1556.2,-,-,-,-,71
5 к.т.,01.08.2024,3.2,8,59,39.8,16.5,60.2,17.6,952.2,351,839.6,194.3,1.89,-,-,-,1087.2,-,-,-,-,82.4
1 к.т.,04.09.2024,122.8,8.3,89,47.8,90.3,52.3,2.9,634.6,252.7,1247.2,96.8,1.03,-,-,-,698.8,-,-,-,-,97.1
2 к.т.,04.09.2024,137.4,7.5,70.5,44.8,83.5,55.2,22.7,2006.1,1017.1,384.7,40.7,0.77,-,-,-,1049.2,-,-,-,-,77.3
3 к.т,04.09.2024,144.8,7.6,50.9,36.1,84.8,63.9,21.9,1196.5,815,123.9,25.5,0.89,-,-,-,284.5,-,-,-,-,78.1
4 к.т,04.09.2024,157.9,7.5,52.5,45.8,35.2,54.2,17.3,1322.1,816.7,115.3,23.9,0.66,-,-,-,344.2,-,-,-,-,82.7
5 к.т.,04.09.2024,139.5,8.1,45.3,44,56.2,56,14,2351.6,816.8,120.6,22.8,0.5,-,-,-,308.4,-,-,-,-,85
1 к.т.,08.10.2024,12.3,7.8,98,35.5,11.6,64.5,23.2,3278.9,171,1325,160,1.1,-,-,-,650,-,-,-,-,76.8
2 к.т.,08.10.2024,20.1,7.4,75,39.4,10.9,60.6,24.1,2711.1,1174.2,630.5,65.5,0.9,-,-,-,580,-,-,-,-,75.9
3 к.т,08.10.2024,20.5,7.5,60.5,32.2,50.1,67.8,31.4,1280.2,757,480.2,75.8,0.8,-,-,-,605,-,-,-,-,68.6
4 к.т,08.10.2024,18.5,7.7,55.6,28.4,17.5,71.6,17.9,889.3,867.6,421.9,86.5,0.8,-,-,-,619,-,-,-,-,82.1
5 к.т.,08.10.2024,16.6,8.3,40,31.4,16.9,68.6,18,2526.1,821.6,110,25.9,0.55,-,-,-,320,-,-,-,-,82
2 к.т.,01.05.2021,600,7.8,34,75.8,632.2,24.2,18.3,213,1052.2,4150,850,-,-,-,-,-,-,-,-,-,-
3 к.т.,01.05.2021,700,7.7,25,61.6,621.1,38.4,16.8,90,1268.4,3700,1100,-,-,-,-,-,-,-,-,-,-
2 к.т.,01.05.2023,3915.2,7,1012,64.3,275,36.5,29.8,983,501,612,210,2.4,734,-,-,1650,-,43,-,-,-
5 к.т.,01.05.2023,657,7.8,682,58.4,192,30.8,26.9,536,234,213,56,1.8,735,-,-,897,-,112,-,-,-
2 к.т,01.05.2024,2060,7.94,40.7,27.3,26.3,72.7,22,1782.8,15.3,12.1,3.5,1.54,560,-,-,46.1,-,-,-,-,78
5 к.т.,01.05.2024,489,8.55,109,40.8,10.7,59.2,18.5,1416.3,14.1,12.5,3.1,1.19,912,-,-,40.8,-,-,-,-,81.5
1 к.т.,06.05.2025,17.4,6,15.9,60.5,39.8,39.5,77.8,517.1,1630.1,0.62,1.25,0.89,1320,-,-,-,-,-,-,-,21.2
2 к.т.,06.05.2025,8.5,5.8,40.4,71.3,47.7,28.7,74.3,6713.7,2946.3,2,3.25,1.12,687,-,-,-,-,-,-,-,25.7
3 к.т,06.05.2025,19.4,7.1,55,65.7,76.9,34.3,25.4,692.5,2254.2,3.38,1.25,2.02,635,-,-,-,-,-,-,-,74.6
4 к.т,06.05.2025,19.5,7.2,53.7,60,51.3,40,37,495,2291.3,2.88,1.23,1.99,568,-,-,-,-,-,-,-,63
5 к.т.,06.05.2025,10.8,8.2,43.6,58.9,20.4,41.1,19.6,6733.8,2321.3,2.13,2,1.06,836,-,-,-,-,-,-,-,80.4
1 к.т.,04.07.2025,16.4,5.8,16.2,33.3,5.5,66.7,82.3,2843,1427,0.13,0.13,1.98,1170,-,-,-,-,-,-,-,17.7
2 к.т.,04.07.2025,19.4,7.1,41.7,34.8,31.9,65.2,25.1,2187,2760,0.5,0.25,0.86,712,-,-,-,-,-,-,-,74.9
3 к.т.,04.07.2025,14.6,7.3,52.5,41.5,26.7,58.5,22.6,1745,2522,0.75,0.38,1.53,685,-,-,-,-,-,-,-,77.4
4 к.т,04.07.2025,10.7,8,52.5,40.1,9.4,59.9,16.3,1846,2436,0.38,0.38,2.24,701,-,-,-,-,-,-,-,83.7
5 к.т.,04.07.2025,25.9,6.9,42.7,32,17.9,68,39.2,1719,2484,0.75,0.25,1.03,798,-,-,-,-,-,-,-,60.8
-,ПДК почв мг/кг,фон на смеж участке,-,130,-,-,-,-,41,-,-,-,-,10.1,-,-,-,-,-,-,-,
1 к.т.,02.07.2025,13.2,5.5,18.6,31,6.2,69,87,661.4,1666.9,0.25,1.25,1.23,869,-,-,-,-,-,-,-,13
2 к.т.,02.07.2025,10.6,6.9,39.8,33.6,23.5,66.5,33.1,1965.2,2420.2,0.63,0.22,1.24,760,-,-,-,-,-,-,-,71.2
3 к.т,02.07.2025,9.8,7.1,38.9,27.5,17.7,72.5,30.4,594.4,1360.2,1.5,1.13,1.65,698,-,-,-,-,-,-,-,69.6
4 к.т,02.07.2025,19.2,7.2,49.2,36.3,15.5,63.7,26.9,326.6,2478.6,1.5,0.88,1.89,701,-,-,-,-,-,-,-,73.1
5 к.т.,02.07.2025,7.7,7.8,56.2,35.5,7.5,64.5,16,360.1,2605,1,0.5,0.98,405,-,-,-,-,-,-,-,84
1 к.т.,05.08.2025,27.6,5.4,9.6,44.1,7.5,55.9,87.4,1658,3128,1.12,0.88,1.32,980,-,-,-,-,-,-,-,12.6
2 к.т.,05.08.2025,7.4,5.8,56.2,35.7,25.5,64.3,40.8,808,3272,0.75,0.63,1.42,802,-,-,-,-,-,-,-,59.2
3 к.т,05.08.2025,31.4,6.2,25.7,41.6,27.8,58.4,73.1,701,3217,2.75,1.5,1.24,710,-,-,-,-,-,-,-,26.9
4 к.т,05.08.2025,35.2,6.4,67.6,39.8,18.7,60.2,55.4,761,3219,3.13,0.75,1.3,685,-,-,-,-,-,-,-,44.6
5 к.т.,05.08.2025,39.7,6.2,11,38.2,18.5,61.8,32.8,688,3230,8.75,1.25,1.02,430,-,-,-,-,-,-,-,67.2
1 к.т.,03.09.2025,32.5,6.5,21.4,37.8,12.3,62.2,56.5,765.6,2563,2.12,1.12,1.32,860,-,-,-,-,-,-,-,21.1
2 к.т.,03.09.2025,53.2,6.7,63.5,42.6,22.5,57.4,75.6,587.5,2683,1.65,0.98,0.98,730,-,-,-,-,-,-,-,72.3
3 к.т,03.09.2025,44.8,7.2,47.5,31.2,32.1,69.8,82.3,620.3,3564,2.32,1.65,0.87,660,-,-,-,-,-,-,-,81.1
4 к.т,03.09.2025,38.69,7,53.6,44.6,25.6,65.4,63.5,712.5,2896,2.97,1.01,0.98,586,-,-,-,-,-,-,-,79.2
5 к.т.,03.09.2025,21.2,7.8,15.4,47.5,24.5,52.5,63.3,578.3,1325,7.65,1.65,0.32,435,-,-,-,-,-,-,-,83.5
1 к.т.,02.10.2025,28.5,6.6,12.5,41.5,9.8,58.5,57.8,1120,2650,2.25,1.35,1.22,1020,-,-,-,-,-,-,-,32
2 к.т.,02.10.2025,32.5,6.7,52.5,38.6,19.5,61.4,75.8,1325,3250,1.98,1.1,0.96,740,-,-,-,-,-,-,-,74.6
3 к.т,02.10.2025,36.5,7.3,35.5,29.8,23.5,70.2,80.2,956,3140,2.52,1.35,1.01,735,-,-,-,-,-,-,-,79.8
4 к.т,02.10.2025,25.3,7.1,42.5,30.5,17.5,69.5,72.3,986,2560,2.61,1.53,0.76,602,-,-,-,-,-,-,-,80.1
5 к.т.,02.10.2025,17.5,7.7,14.6,36.5,9.8,63.5,67.6,623,1120,6.62,1.25,0.36,410,-,-,-,-,-,-,-,82.5
1 к.т.,05.11.2025,21.5,6,19.5,46.2,8.6,53.8,53.8,989,2240,1.98,1.1,1.19,870,-,-,-,-,-,-,-,29.8
2 к.т.,05.11.2025,25.6,6.5,45.6,37.8,17.5,62.2,74.6,1250,2860,1.63,0.98,0.93,705,-,-,-,-,-,-,-,70.5
3 к.т,05.11.2025,32.5,6.9,34.5,32.4,20.4,67.9,79.8,1180,2910,2.12,1.01,1.12,700,-,-,-,-,-,-,-,72.5
4 к.т,05.11.2025,26.3,7,40.5,31.2,19.8,68.8,75.4,990,2650,2.05,1.23,0.86,600,-,-,-,-,-,-,-,79.8
5 к.т.,05.11.2025,15.5,7.6,13.5,36.7,7.7,63.3,68.3,598,1280,5.86,0.89,0.29,390,-,-,-,-,-,-,-,80.1
