Год,Месяц,Препарат,Количество
2024,май,Аквамицин А,35.0
2024,май,Аквамицин С,17.5
2024,июнь,Аквамицин А,45.0
2024,июнь,Аквамицин С,22.5
2024,июль,Аквамицин А,25.0
2024,июль,Аквамицин С,12.5
2024,август,Аквамицин А,72.5
2024,август,Аквамицин С,40.0
2024,сентябрь,Аквамицин А,50.0
2024,сентябрь,Аквамицин С,25.0
2024,октябрь,Аквамицин А,40.0
2024,октябрь,Аквамицин С,20.0
2025,апрель,Аквамицин А,25.0
2025,апрель,Аквамицин С,12.5
2025,май,Аквамицин А,35.0
2025,май,Аквамицин С,17.5
2025,июнь,Аквамицин А,30.0
2025,июнь,Аквамицин С,15.0
2025,июль,Аквамицин А,20.0
2025,июль,Аквамицин С,10.0
2025,июль,Экос,55.0
2025,август,Экос,90.0
2025,сентябрь,Экос,100.0
2025,октябрь,Аквамицин А,20.0
2025,октябрь,Аквамицин С,10.0
2025,октябрь,Экос,55.0
2026,май,Экос,55.0
2026,июнь,Экос,85.0
2026,июль,Экос,90.0
2026,август,Экос,82.0
