Год,Месяц,моющее средство,сыворотка,творожный цех,цельномолочный цех,котельная,общий объем стока
2025,январь,31.0,1056.0,7650.0,24635.0,2000.0,35372.0
2025,февраль,33.0,1265.0,9865.0,24560.0,2000.0,37723.0
2025,март,40.0,1125.0,11365.0,30564.0,2000.0,45094.0
2025,апрель,39.0,1256.0,11530.0,33265.0,2000.0,48090.0
2025,май,42.0,1012.0,12560.0,31865.0,2000.0,47479.0
2025,июнь,39.0,1086.0,10256.0,32560.0,2000.0,45941.0
2025,июль,40.0,1123.0,11250.0,33450.0,2000.0,47863.0
2025,август,41.0,1256.0,11056.0,31450.0,2000.0,45803.0
2025,сентябрь,33.0,1135.0,12360.0,32472.0,2000.0,48000.0
2025,октябрь,40.0,1240.0,11680.0,31456.0,2000.0,46416.0
2025,ноябрь,43.0,1235.0,11654.0,31860.0,2000.0,46792.0
2025,декабрь,44.0,1156.0,12560.0,32460.0,2000.0,48220.0
2025,январь,30.0,965.0,6730.0,21650.0,2000.0,31375.0
2025,февраль,33.0,1058.0,7657.0,22537.0,2000.0,33285.0
2025,март,39.0,968.0,10250.0,28523.0,2000.0,41780.0
2025,апрель,35.0,1124.0,9860.0,31250.0,2000.0,44269.0
2025,май,41.0,998.0,11235.0,29250.0,2000.0,43524.0
2025,июнь,40.0,1136.0,8530.0,31240.0,2000.0,42946.0
2025,июль,38.0,1320.0,10360.0,34500.0,2000.0,48218.0
2025,август,39.0,1320.0,11250.0,30567.0,2000.0,45176.0
2025,сентябрь,34.0,1245.0,12680.0,30100.0,2000.0,46059.0
2025,октябрь,39.0,1120.0,12500.0,29560.0,2000.0,45219.0
2025,ноябрь,42.0,1206.0,12986.0,32659.0,2000.0,48893.0
2025,декабрь,42.0,1235.0,13560.0,30560.0,2000.0,47397.0
2024,январь,30.0,1002.0,7650.0,22250.0,2000.0,32932.0
2024,февраль,35.0,956.0,8965.0,24406.0,2000.0,36362.0
2024,март,43.0,997.0,11200.0,33560.0,2000.0,47800.0
2024,апрель,39.0,1134.0,10760.0,35750.0,2000.0,49683.0
2024,май,42.0,1086.0,12340.0,30153.0,2000.0,45621.0
2024,июнь,39.0,1196.0,7338.0,33275.0,2000.0,43848.0
2024,июль,39.0,1137.0,10610.0,36568.0,2000.0,50354.0
2024,август,42.0,1256.0,10760.0,30269.0,2000.0,44327.0
2024,сентябрь,33.0,1137.0,11390.0,28468.0,2000.0,43028.0
2024,октябрь,37.0,1265.0,13280.0,30056.0,2000.0,46638.0
2024,ноябрь,44.0,1135.0,12180.0,29207.0,2000.0,44566.0
2024,декабрь,42.0,956.0,13350.0,21350.0,2000.0,37698.0
2025,январь,33.0,1021.0,,,2000.0,3054.0
2025,февраль,36.0,958.0,9066.0,25537.0,2000.0,37597.0
2025,март,42.0,1016.0,12406.0,36708.0,2000.0,52172.0
2025,апрель,40.0,1245.0,10987.0,36922.0,2000.0,51194.0
2025,май,44.0,1179.0,12542.0,30387.0,2000.0,46152.0
2025,июнь,41.0,1228.0,7338.0,33652.0,2000.0,44259.0
2025,июль,37.0,1292.0,10570.0,36716.0,2000.0,50615.0
2025,август,40.0,1215.0,11892.0,31792.0,2000.0,46939.0
2025,сентябрь,35.0,1137.0,13420.0,29654.0,2000.0,46246.0
2025,октябрь,39.0,1278.0,13490.0,31159.0,2000.0,47966.0
2025,ноябрь,42.0,1105.0,13028.0,31142.0,2000.0,47317.0
2025,декабрь,44.0,971.0,15583.0,34300.0,2000.0,52898.0
2026,январь,33.0,1146.0,14243.0,29951.0,2000.0,47373.0
2026,февраль,38.0,1299.0,11775.0,26837.0,2000.0,41949.0
2026,март,40.0,1307.0,11420.0,29084.0,2000.0,43851.0
2026,апрель,37.5,1472.0,13299.0,22424.0,2000.0,39232.5
2026,май,37.7,1385.0,12543.0,28825.0,2000.0,44790.7
2026,июнь,41.0,1285.0,8525.0,28385.0,2000.0,40236.0
2026,июль,39.8,1373.0,10055.0,28523.0,2000.0,41990.8
2026,август,36.6,1673.0,9998.0,31073.0,2000.0,44780.6
2026,сентябрь,,,,,,0.0
2026,октябрь,,,,,,0.0
2026,ноябрь,,,,,,0.0
2026,декабрь,,,,,,0.0
