,Дата,Массовая доля сульфатов  мг/дм3 (SO4),Массовая доля жиров мг/дм3,Водородный показатель (рН) ед.рН,БПК5 мг/дм3,ХПК мгО/дм3,Фосфаты мг/дм3 (РО4),Взвешенные вещества мг/дм3,Аммонийный азот мг/дм3,Нитраты мг/дм3,Хлориды мг/дм3,Калий мг/дм3,Натрий мг/дм3,Литий мг/дм3,Магний мг/дм3,Кальций мг/дм3,Стронций мг/дм3,Цинк мг/дм3,Марганец мг/дм3,Нитриты мг/дм3,Фторид-ион мг/дм3,Барий мг/кг
1 кнс до ввода,24.06.2023,597.8,5.77,6.2,,,153.8,142,6.28,-,543,21.03,371,-,58.6,110.7,0.55,0.61,0.12,-,-,1.32
1 кнс после ввода,24.06.2023,287.9,1.57,6.4,,,79.43,534,2.93,384.6,504.5,38.2,602.9,-,65.6,144.4,0.56,0.11,0.15,113.3,-,1.33
2 кнс до ввода,24.06.2023,467.1,5.77,6.05,,,11.47,147,34,15.07,883.2,23,81.4,-,70,194.6,-,0.38,0.09,19.2,-,4.2
2 кнс после ввода,24.06.2023,348.3,7.4,6.9,,,19.8,780,38,363.5,926.8,10.6,516,-,36,112,-,0.71,1.11,239.5,8.4,-
слив в карту,24.06.2023,337.5,2.03,7.8,,,6.22,120,2.15,13.4,631,34.4,594.9,-,91.97,185.4,0.58,0.56,0.14,89.6,4.72,2.56
1 кнс,28.06.2023,297.8,0.328,6.6,,,153.8,244,4.53,-,543,18.4,532.1,-,85.2,151.2,0.59,0.11,-,-,-,2.7
2 кнс,28.06.2023,96.03,2.3,6.2,,,16.8,244.8,4.53,177.6,252.6,18.4,532.1,-,85.2,151.2,0.59,0.61,0.41,24.9,0.75,2.7
слив в карту,28.06.2023,335.4,0.45,6.8,,,86.7,148.6,0.27,11.7,615.2,17.2,611.5,-,88.04,156.9,0.59,0.14,0.18,3.95,-,2.8
1 кнс,06.07.2023,441.7,354,8.4,,,609.9,239,1.42,-,751.9,12.72,827.1,-,98.82,86.58,1.37,0.09,0.07,2.15,-,-
2 кнс,06.07.2023,212.4,9.15,4.2,,,767.2,2685.5,19.07,484.1,656.2,786.6,484.1,0.21,67.99,551.5,1.21,1.05,0.31,-,0.58,0.2
слив в карту,06.07.2023,1550,155,6.4,,,67.2,2448,19.55,-,292,19.12,2951-,-,45.64,107.2,1.08,1.05,0.31,-,-,-
1 кнс,08.08.2023,1496,298,7.8,337,604,138.5,435,9.6,-,498,23,425,-,64.5,142,0.9,1,0.1,1.7,-,1
2 кнс,08.08.2023,185,6.5,4.8,540,1148,23.5,1986,6.8,94,375,16.5,528,0.9,79,198,0.5,0.8,0.3,20.3,0.45,1.2
слив в карту,08.08.2023,1522,135,6.5,146,292,12.8,312,18.6,4.4,310,23.1,365,-,46,138,0.8,1.1,0.21,1.4,3.2,0.6
1 кнс,02.05.2024,469.5,1.1,7.5,520,1628,135.9,64,15,,,13.7,602.9,,80.9,131.6,0.92,,,,,
2 кнс,02.05.2024,315.9,0.6,6.2,745,1548,19.8,29,6.9,,,36.9,635.7,,55.3,125.6,,,,,,0.09
слив в карту,02.05.2024,235.2,0.2,8,145,553,10.9,616.5,5,,,12.8,766.4,,102.2,172.1,0.95,,,,,
1 кнс,14.05.2024,51.8,1.51,6.9,,,89.8,394.5,42.1,,87.1,17.1,485.9,,40.5,64.8,,0.15,0.06,,,
2 кнс,14.05.2024,94.5,27.3,4.5,,,18.9,3357.5,129.6,,4.5,749.8,359.2,,68.6,492.6,,1.3,0.11,,,
слив в карту,14.05.2024,163.3,0.32,6.7,,,9.5,769.5,39.1,,25.8,20.2,793,,84.5,101.1,,0.15,0.08,,,
1 кнс,05.06.2024,268.9,0.38,8.96,160,478,125.6,6,4.5,,,6.9,391.9,,28,43,,0.17,0.08,,,
2 кнс,05.06.2024,169.8,0.4,7.99,244,585,65.8,121,15.8,,,,771.7,,127.1,174.2,,0.12,0.09,,,
слив в карту,05.06.2024,208.9,1.16,7.84,580,946,16.5,132,26.3,,,13.3,556.9,,58.8,87.5,,0.09,0.17,,,
1 кнс,02.07.2024,505.5,2.09,9.82,1100,2000,136.1,1493.5,,100.8,7130,,,,,,,0.04,0.54,27.3,250.3,
2 кнс,02.07.2024,373.1,0.62,6.61,384,853,76,524,,,7265,,,,,,,0.09,1.39,55.2,88.9,
слив в карту,02.07.2024,233.5,0.39,9.4,829,1667,266,441,,,3889,,,,,,,0.05,0.52,,,
1 кнс,01.08.2024,368.9,1.06,6.34,722,965,112.3,1276,7.3,,5638,6.5,195.9,,,69.8,0.64,0.44,0.08,,,
2 кнс,01.08.2024,866.5,1.12,7.18,244,704,62.5,1098.5,10,,6542,8,250.1,,30.7,67.1,0.82,0.43,0.06,,,
слив в карту,01.08.2024,203.5,0.48,3.48,581,1628,64.9,1065,3.3,,4896.3,62.5,232.5,,40.3,201.5,1,0.54,0.1,,,
1 кнс,04.09.2024,268.9,0.56,6.81,291,653,29.8,67.5,4.5,,-,-,587.5,-,40.5,47.1,0.8,,,,,0.5
2 кнс,04.09.2024,466.5,0.65,6.67,320,553,25.6,903.5,6.3,,-,-,1089,-,61.9,106.7,1.6,,,,,-
слив в карту,04.09.2024,198.2,0.42,6.69,797,1564,21.5,55,9.5,,-,-,344.2,-,57.5,100,1.8,,,,,0.7
1 кнс,08.10.2024,353.1,0.98,6.6,385,800,27.6,34983,15.2,,4321,18.5,192.8,-,30.3,88.4,0.8,,,,,-
2 кнс,08.10.2024,525.6,0.8,6.9,499,1040,24.5,30466,17.8,,3865,10.9,291.1,-,44.9,84.8,0.8,,,,,-
слив в карту,08.10.2024,209.8,0.68,6.8,299,560,23.8,25852,6.1,,3265,5.8,306.8,-,50.7,96.6,1.1,,,,,0.2
1 кнс,05.11.2024,325.7,1.1,8.2,404,612,23.5,39104.5,17.5,,3659,17.8,168.5,--,35.6,89.5,-,,,,,-
2 кнс,05.11.2024,653.8,0.95,6.2,724,1245,20.5,36487,19.2,,3102,18.5,243.2,-,48.6,76.5,-,,,,,-
слив в карту,05.11.2024,185.5,0.9,5.9,175,293,16.8,34707,12.3,,2003,6.7,312.5,-,55.3,115,-,,,,,-
1 кнс,06.05.2025,498.7,1.2,7.3,1425,2850,143.6,86,53.5,16.8,96.5,15.6,780.6,,75.6,146.5,,0.11,0.08,8.6,6.5,109.5
2 кнс,06.05.2025,365.6,0.8,6.1,735,1260,20.6,32.5,43.1,23.6,65.4,42.5,705.6,,61.5,112.7,,0.15,0.12,10.5,26.5,112.5
слив в карту,06.05.2025,169.5,0.45,6,286,752,143,913,42.3,20.3,46.8,26.8,826.5,,65.8,124.5,,0.18,0.06,8.9,5.8,169.5
1 кнс,04.06.2025,236.7,1.2,6.8,1356,1956,265,105.5,45.6,26.5,68.5,18.5,564,,36.5,126.4,,-,0.09,10.5,41.3,156.8
2 кнс,04.06.2025,315.4,0.98,7.1,612,1115,142,98.5,40.1,35.4,77.15,65.4,684,,44.2,106.5,,0.05,0.04,8.4,12.5,126.7
слив в карту,04.06.2025,186.9,0.38,6.1,310,840,153.5,1050,54.6,19.7,50.3,27.8,786,,50.6,135.6,,0.17,0.05,7.6,4.9,186.9
1 кнс,02.07.2025,423.5,1.98,6.4,1423,2000,95.6,3,6.9,136.5,689.2,18.9,456.6,,26.5,146.5,,0.08,0.24,24.3,53.4,23.4
2 кнс,02.07.2025,398.7,0.56,7,589,1224,26.5,152,12.6,109.5,465,23.5,653.5,,36.9,114.3,,0.12,1.1,12.2,21.1,24.5
слив в карту,02.07.2025,379,0.34,6.4,337,694,4,311,4.9,130,633,23.6,756.8,,49.6,128.5,,0.16,0.04,6.9,4.3,25.1
Колодец перед 1 КНС,05.08.2025,539,2.4,7,268,472,7.6,65,10.3,>100,823,32.5,512,,25.8,153,,0.07,0.26,22.3,37.2,212.3
1 кнс,05.08.2025,332.5,1.99,6.11,166,385,8.5,79,6.5,>100,725,17.5,435,,25.4,152.1,,0.07,0.25,20.1,36.5,211.3
2 кнс,05.08.2025,367.5,0.68,6.76,433,1026,15.6,33,10.6,>100,512,21.6,623,,37.5,115.6,,0.13,0.03,11.3,20.3,222.6
слив в карту,05.08.2025,469,0.3,6.53,442,882,8.2,20,9,>100,526,22.6,789,,46.5,110.3,,0.12,0.03,6.8,4.5,256.1
Колодец перед 1 КНС,03.09.2025,526,2.8,6.9,386,620,15.6,150,15.6,112,795,19.5,490,,29,143.2,,,,,,
1 кнс,03.09.2025,280,1.53,6.9,295,790,12.1,168,10.8,124,659,20.2,526,,32.5,146.1,,,,,,
2 кнс,03.09.2025,315,0.74,6.3,2000,2000,19.6,253,6.8,99,480,20.9,710,,42.5,98.5,,,,,,
слив в карту,03.09.2025,178.8,0.34,6.5,373,740,21.8,1234,3.4,100,586,20.3,698,,39.8,98.6,,0.1,0.02,7.2,5.9,65.3
Колодец перед 1 КНС,02.10.2025,398,2.68,6.7,352,786,12.6,289,12.3,143,865,10.6,465,,32.5,156,,,,,,
1 кнс,02.10.2025,386,2.69,6.6,464,918,13,295,10.5,165,880,11.6,470,,36.4,151,,,,,,
2 кнс,02.10.2025,308,0.82,6.5,2000,2000,17.5,215,7.4,154,540,15.8,510,,40.2,102,,,,,,
слив в карту,02.10.2025,283.5,0.46,6.2,451,1102,5.1,1053,4.2,153.6,756,12.5,560,,41.5,101.5,,,,,,
Колодец перед 1 КНС,05.11.2025,534,1.2,6.8,425,720,13.5,240,9.8,134,756,12.5,430,,27.8,136,,,,,,
1 кнс,05.11.2025,510,1.1,6.7,380,650,13.4,225,10.5,125,735,11.7,445,,25.6,130,,,,,,
2 кнс,05.11.2025,268,0.5,6.5,1850,2000,15.2,245,7.6,152,640,10,540,,38.4,110,,,,,,
слив в карту,05.11.2025,180.2,0.53,6.6,346,510,25.3,1800,6.2,140.5,714,6.5,310,,48.6,135,,,,,,
